EmployeeID,StartOfWeek,RegularHours,OvertimeHours,InvalidShifts
8362536,2021-08-16,37.5,0.0,[]
8362536,2021-08-23,40.0,10.0,[]
8362541,2021-08-16,40.0,22.5,[]
8362541,2021-08-23,37.5,0.0,[]
8362636,2021-08-16,25.0,0.0,[]
8362636,2021-08-23,37.5,0.0,[]
8362636,2021-08-30,25.0,0.0,[]
8362666,2021-08-09,12.5,0.0,[]
8362666,2021-08-16,40.0,10.0,[]
8362666,2021-08-23,25.0,0.0,[]
8362691,2021-08-23,12.5,0.0,[]
8362691,2021-08-30,12.5,0.0,[]
8362756,2021-08-16,25.0,0.0,[]
8362756,2021-08-23,12.5,0.0,[]
8362766,2021-08-16,37.5,0.0,[]
8362766,2021-08-23,37.5,0.0,[]
8362781,2021-08-23,37.5,0.0,[]
8362826,2021-08-16,40.0,10.0,[]
8362826,2021-08-23,40.0,10.0,[]
8362826,2021-08-30,12.5,0.0,[]
8362861,2021-08-16,40.0,22.5,[]
8362861,2021-08-23,40.0,22.5,[]
8362861,2021-08-30,12.5,0.0,[]
8363091,2021-08-16,25.0,0.0,[]
8363091,2021-08-23,37.5,0.0,[]
8363091,2021-08-30,12.5,0.0,[]
8591596,2021-08-16,25.0,0.0,[]
8591596,2021-08-23,37.5,0.0,[]
8591596,2021-08-30,25.0,0.0,[]
8591606,2021-08-16,37.5,0.0,[]
8591606,2021-08-23,37.5,0.0,[]
8591606,2021-08-30,12.5,0.0,[]
8591616,2021-08-16,12.5,0.0,[]
8591616,2021-08-23,37.5,0.0,[]
8591616,2021-08-30,12.5,0.0,[]
8591621,2021-08-16,12.5,0.0,[]
8591621,2021-08-23,12.5,0.0,[]
8591631,2021-08-16,25.0,0.0,[]
8591631,2021-08-23,37.5,0.0,[]
8591641,2021-08-23,25.0,0.0,[]
8591686,2021-08-16,37.5,0.0,[]
8591686,2021-08-23,37.5,0.0,[]
8591686,2021-08-30,12.5,0.0,[]
8591731,2021-08-09,12.5,0.0,[]
8591731,2021-08-16,25.0,0.0,[]
8591731,2021-08-23,37.5,0.0,[]
8591731,2021-08-30,12.5,0.0,[]
8591736,2021-08-16,37.5,0.0,[]
8591736,2021-08-23,37.5,0.0,[]
8591736,2021-08-30,25.0,0.0,[]
8591746,2021-08-16,25.0,0.0,[]
8591771,2021-08-09,12.5,0.0,[]
8591771,2021-08-16,37.5,0.0,[]
8591771,2021-08-23,40.0,10.0,[]
8591786,2021-08-09,12.5,0.0,[]
8591786,2021-08-16,37.5,0.0,[]
8591786,2021-08-23,40.0,22.5,[]
8591786,2021-08-30,12.5,0.0,[]
8591791,2021-08-16,40.0,10.0,[]
8591791,2021-08-23,25.0,0.0,[]
8591791,2021-08-30,12.5,0.0,[]
8591811,2021-08-16,40.0,10.0,[]
8591811,2021-08-23,25.0,0.0,[]
8591811,2021-08-30,12.5,0.0,[]
8591816,2021-08-16,40.0,10.0,[]
8591816,2021-08-23,25.0,0.0,[]
8591856,2021-08-16,37.5,0.0,[]
8591856,2021-08-23,25.0,0.0,[]
8591856,2021-08-30,12.5,0.0,[]
8591861,2021-08-09,12.5,0.0,[]
8591861,2021-08-16,37.5,0.0,[]
8591861,2021-08-23,12.5,0.0,[]
8591891,2021-08-16,40.0,10.0,[]
8591891,2021-08-23,25.0,0.0,[]
8591891,2021-08-30,12.5,0.0,[]
8591906,2021-08-16,12.5,0.0,[]
8591906,2021-08-23,40.0,10.0,[]
8591971,2021-08-16,40.0,14.5,[]
8591971,2021-08-23,40.0,14.5,[]
8591971,2021-08-30,17.0,0.0,[]
8591986,2021-08-09,12.5,0.0,[]
8591986,2021-08-16,1.5,0.0,[]
8592006,2021-08-16,40.0,2.5,[]
8592006,2021-08-23,40.0,2.5,[]
8592006,2021-08-30,17.0,0.0,[]
8592046,2021-08-16,37.5,0.0,[]
8592046,2021-08-23,12.5,0.0,[]
8592096,2021-08-09,12.5,0.0,[]
8592096,2021-08-16,12.5,0.0,[]
8592096,2021-08-23,37.5,0.0,[]
8592096,2021-08-30,25.0,0.0,[]
8592146,2021-08-23,25.0,0.0,[]
8592216,2021-08-16,37.5,0.0,[]
8592221,2021-08-16,37.5,0.0,[]
8592221,2021-08-23,37.5,0.0,[]
8592221,2021-08-30,12.5,0.0,[]
8592236,2021-08-16,40.0,22.5,[]
8592236,2021-08-23,37.5,0.0,[]
8592236,2021-08-30,12.5,0.0,[]
8592251,2021-08-09,12.5,0.0,[]
8592251,2021-08-23,37.5,0.0,[]
8592251,2021-08-30,12.5,0.0,[]
8592376,2021-08-09,12.0,0.0,[]
8592376,2021-08-16,1.5,0.0,[]
8592376,2021-08-23,40.0,8.0,[]
8592376,2021-08-30,12.0,0.0,[]
8592406,2021-08-16,34.0,0.0,[]
8592406,2021-08-23,34.0,0.0,[]
8592406,2021-08-30,8.5,0.0,[]
8592431,2021-08-16,29.0,0.0,[]
8592431,2021-08-23,12.5,0.0,[]
8592431,2021-08-30,12.5,0.0,[]
8592466,2021-08-16,12.5,0.0,[]
8592466,2021-08-23,8.5,0.0,[]
8592571,2021-08-16,6.5,0.0,[]
8592571,2021-08-23,24.5,0.0,[]
8686236,2021-08-09,12.5,0.0,[]
8686236,2021-08-16,37.5,0.0,[]
8686236,2021-08-23,25.0,0.0,[]
8686236,2021-08-30,12.5,0.0,[]
8846946,2021-08-16,40.0,10.0,[]
8846946,2021-08-23,25.0,0.0,[]
8846946,2021-08-30,12.5,0.0,[]
8852581,2021-08-16,40.0,10.0,[]
8852581,2021-08-23,40.0,22.5,[]
8929056,2021-08-09,12.5,0.0,[]
8929056,2021-08-16,26.5,0.0,[]
8929056,2021-08-23,40.0,10.0,[]
8929056,2021-08-30,25.0,0.0,[]
8932266,2021-08-16,37.5,0.0,[]
8932266,2021-08-23,37.5,0.0,[]
8932266,2021-08-30,12.5,0.0,[]
9154186,2021-08-16,12.5,0.0,[]
9611890,2021-08-09,12.5,0.0,[]
9611890,2021-08-16,12.5,0.0,[]
9611890,2021-08-23,37.5,0.0,[]
9611890,2021-08-30,12.5,0.0,[]
9872269,2021-08-09,12.5,0.0,[]
9872269,2021-08-16,12.5,0.0,[]
9872269,2021-08-23,40.0,22.5,[]
10120637,2021-08-09,12.5,0.0,[]
10120637,2021-08-16,37.5,0.0,[]
10120637,2021-08-23,25.0,0.0,[]
10120637,2021-08-30,12.5,0.0,[]
10543310,2021-08-23,37.5,0.0,[]
10719102,2021-08-16,25.0,0.0,[]
10719102,2021-08-23,24.5,0.0,[]
10720845,2021-08-16,18.5,0.0,[]
10720845,2021-08-23,25.0,0.0,[]
11083087,2021-08-16,12.5,0.0,[]
11083136,2021-08-16,40.0,10.0,[]
11083136,2021-08-23,25.0,0.0,[]
11083136,2021-08-30,12.5,0.0,[]
11083178,2021-08-16,40.0,35.0,[]
11083178,2021-08-23,40.0,22.5,[]
11083185,2021-08-09,12.5,0.0,[]
11083185,2021-08-23,25.0,0.0,[]
11083262,2021-08-16,40.0,20.0,[]
11083262,2021-08-23,24.0,0.0,[]
11083262,2021-08-30,12.0,0.0,[]
11083353,2021-08-23,24.0,0.0,[]
11083465,2021-08-16,12.5,0.0,[]
11083465,2021-08-23,12.5,0.0,[]
11083465,2021-08-30,12.5,0.0,[]
11083479,2021-08-16,12.5,0.0,[]
11083479,2021-08-23,12.5,0.0,[]
11083507,2021-08-16,12.0,0.0,[]
11083542,2021-08-16,24.0,0.0,[]
11083542,2021-08-23,40.0,20.0,[]
11083542,2021-08-30,12.0,0.0,[]
11740261,2021-08-16,1.5,0.0,[]
11740261,2021-08-23,40.0,35.0,[]
12304119,2021-08-23,40.0,10.0,[]
12802330,2021-08-09,12.5,0.0,[]
12802330,2021-08-16,39.0,0.0,[]
12802330,2021-08-23,37.5,0.0,[]
12951331,2021-08-09,12.5,0.0,[]
12951331,2021-08-16,37.5,0.0,[]
12951331,2021-08-23,40.0,21.5,[]
13944079,2021-08-16,40.0,24.0,[]
13944079,2021-08-23,25.0,0.0,[]
14147638,2021-08-16,40.0,35.0,[]
14147638,2021-08-23,17.0,0.0,[]
14943349,2021-08-09,12.5,0.0,[]
15209762,2021-08-09,12.5,0.0,[]
15209762,2021-08-16,40.0,10.0,[]
15209762,2021-08-23,12.5,0.0,[]
15270774,2021-08-09,12.5,0.0,[]
15270774,2021-08-16,37.5,0.0,[]
15270774,2021-08-23,40.0,10.0,[]
15270774,2021-08-30,12.5,0.0,[]
16110186,2021-08-09,12.5,0.0,[]
16110186,2021-08-16,25.0,0.0,[]
16110186,2021-08-23,40.0,10.0,[]
16110186,2021-08-30,12.5,0.0,[]
16291115,2021-08-09,12.0,0.0,[]
16291115,2021-08-16,9.0,0.0,[]
16291115,2021-08-23,24.0,0.0,[]
16511419,2021-08-16,16.5,0.0,[]
16511419,2021-08-23,38.0,0.0,[]
16808772,2021-08-16,24.0,0.0,[]
16808772,2021-08-23,40.0,32.0,[]
16808772,2021-08-30,24.0,0.0,[]
17325149,2021-08-09,12.5,0.0,[]
17325149,2021-08-16,37.5,0.0,[]
17325149,2021-08-23,25.0,0.0,[]
17325149,2021-08-30,12.5,0.0,[]
17918391,2021-08-16,12.5,0.0,[]
17918391,2021-08-23,12.5,0.0,[]
18269532,2021-08-09,12.5,0.0,[]
18269532,2021-08-16,40.0,10.0,[]
18269532,2021-08-23,37.5,0.0,[]
18269532,2021-08-30,25.0,0.0,[]
19385241,2021-08-16,20.25,0.0,[]
19385241,2021-08-23,40.0,27.5,[]
19450509,2021-08-09,12.5,0.0,[]
19450509,2021-08-16,40.0,10.0,[]
19450509,2021-08-23,40.0,22.5,[]
19450509,2021-08-30,12.5,0.0,[]
20195142,2021-08-09,12.5,0.0,[]
20195142,2021-08-23,40.0,22.5,[]
20195142,2021-08-30,12.5,0.0,[]
21534459,2021-08-09,12.5,0.0,[]
21534459,2021-08-16,25.0,0.0,[]
21534459,2021-08-23,40.0,3.5,[]
21534459,2021-08-30,25.0,0.0,[]
22107976,2021-08-16,37.5,0.0,[]
22107976,2021-08-23,37.5,0.0,[]
22801808,2021-08-16,40.0,17.0,[]
22801808,2021-08-23,37.5,0.0,[]
22801808,2021-08-30,12.5,0.0,[]
23080478,2021-08-09,12.5,0.0,[]
23080478,2021-08-16,12.5,0.0,[]
23080478,2021-08-23,37.5,0.0,[]
23080478,2021-08-30,12.5,0.0,[]
24343670,2021-08-09,12.5,0.0,[]
24343670,2021-08-16,37.5,0.0,[]
24343670,2021-08-23,37.5,0.0,[]
25986969,2021-08-09,12.5,0.0,[]
25986969,2021-08-16,12.5,0.0,[]
25986969,2021-08-23,40.0,22.5,[]
25986969,2021-08-30,12.5,0.0,[]
25986990,2021-08-16,12.5,0.0,[]
27557434,2021-08-16,33.0,0.0,[]
27557434,2021-08-23,40.0,10.0,[]
27557434,2021-08-30,12.5,0.0,[]
27629358,2021-08-16,40.0,10.0,[]
27629358,2021-08-23,25.0,0.0,[]
27629358,2021-08-30,25.0,0.0,[]
27963440,2021-08-16,40.0,35.0,[]
27963440,2021-08-30,12.5,0.0,[]
28466826,2021-08-16,40.0,15.933333333333337,[]
28466826,2021-08-23,12.0,0.0,[]
28467116,2021-08-16,8.5,0.0,[]
28467116,2021-08-23,40.0,7.933333333333337,[]
28467166,2021-08-16,40.0,2.5,[]
28467166,2021-08-23,40.0,2.5,[]
28467166,2021-08-30,17.0,0.0,[]
28619552,2021-08-16,40.0,11.0,[]
28619552,2021-08-23,40.0,21.0,[]
28627242,2021-08-16,12.5,0.0,[]
28627242,2021-08-23,4.0,0.0,[]
28694711,2021-08-16,37.5,0.0,[]
28694711,2021-08-23,37.5,0.0,[]
29391611,2021-08-16,37.5,0.0,[]
29391611,2021-08-23,40.0,22.5,[]
29391611,2021-08-30,12.5,0.0,[]
29471091,2021-08-09,12.5,0.0,[]
30254181,2021-08-16,37.5,0.0,[]
30254181,2021-08-23,37.5,0.0,[]
30254181,2021-08-30,12.5,0.0,[]
30606551,2021-08-09,3.0,0.0,[]
30606551,2021-08-16,31.0,0.0,[]
30606551,2021-08-23,40.0,31.0,[]
30606561,2021-08-16,14.0,0.0,[]
30606576,2021-08-16,40.0,39.0,[]
30606576,2021-08-23,40.0,2.0,[]
30606576,2021-08-30,10.5,0.0,[]
30606591,2021-08-16,5.0,0.0,[]
30606591,2021-08-23,17.0,0.0,[]
30606591,2021-08-30,12.0,0.0,[]
30606601,2021-08-09,23.0,0.0,[]
30606601,2021-08-16,40.0,13.0,[]
30606601,2021-08-23,7.0,0.0,[]
30606601,2021-08-30,7.0,0.0,[]
30606611,2021-08-16,40.0,2.5,[]
30606611,2021-08-23,40.0,2.5,[]
30606611,2021-08-30,17.0,0.0,[]
30650477,2021-08-16,25.0,0.0,[]
30650477,2021-08-23,40.0,22.5,[]
30651307,2021-08-16,40.0,10.0,[]
30651307,2021-08-23,12.5,0.0,[]
30651307,2021-08-30,12.5,0.0,[]
30651316,2021-08-09,12.5,0.0,[]
30651316,2021-08-16,12.5,0.0,[]
30651316,2021-08-23,37.5,0.0,[]
30651316,2021-08-30,25.0,0.0,[]
30718641,2021-08-16,40.0,10.0,[]
30718641,2021-08-23,37.5,0.0,[]
31535747,2021-08-16,25.0,0.0,[]
31535747,2021-08-23,25.0,0.0,[]
31579781,2021-08-16,37.5,0.0,[]
31631311,2021-08-09,6.5,0.0,[]
31631311,2021-08-16,12.5,0.0,[]
32059001,2021-08-16,8.0,0.0,[]
32059001,2021-08-23,4.0,0.0,[]
32059001,2021-08-30,4.0,0.0,[]
32116717,2021-08-16,40.0,10.0,[]
32116717,2021-08-23,25.0,0.0,[]
32116717,2021-08-30,12.5,0.0,[]
32333683,2021-08-16,12.5,0.0,[]
32333683,2021-08-23,12.5,0.0,[]
32333690,2021-08-16,40.0,22.5,[]
32333690,2021-08-23,25.0,0.0,[]
32333691,2021-08-09,12.5,0.0,[]
32333691,2021-08-16,31.5,0.0,[]
32333691,2021-08-23,31.5,0.0,[]
32333691,2021-08-30,25.0,0.0,[]
32629486,2021-08-16,12.5,0.0,[]
32629486,2021-08-30,12.5,0.0,[]
32932667,2021-08-09,12.5,0.0,[]
32932667,2021-08-16,25.0,0.0,[]
32932667,2021-08-23,40.0,35.0,[]
32943542,2021-08-16,37.5,0.0,[]
32943542,2021-08-23,40.0,10.0,[]
33395525,2021-08-16,25.0,0.0,[]
33470376,2021-08-16,40.0,35.0,[]
33470376,2021-08-23,12.5,0.0,[]
33470376,2021-08-30,25.0,0.0,[]
33496823,2021-08-16,16.5,0.0,[]
33496828,2021-08-23,18.5,0.0,[]
33611174,2021-08-09,12.5,0.0,[]
33611174,2021-08-16,25.0,0.0,[]
33611174,2021-08-23,40.0,10.0,[]
33611174,2021-08-30,12.5,0.0,[]
33654482,2021-08-16,40.0,54.83333333333333,[]
33654482,2021-08-23,40.0,2.5,[]
33654482,2021-08-30,18.96666666666667,0.0,[]
33717437,2021-08-09,12.5,0.0,[]
33717437,2021-08-16,37.5,0.0,[]
33717437,2021-08-23,25.0,0.0,[]
33717437,2021-08-30,25.0,0.0,[]
33895994,2021-08-16,40.0,3.5,[]
33895994,2021-08-23,40.0,17.0,[]
33901763,2021-08-16,40.0,10.0,[]
33901763,2021-08-23,40.0,10.0,[]
33901763,2021-08-30,12.5,0.0,[]
33944398,2021-08-16,39.0,0.0,[]
33944398,2021-08-23,40.0,35.0,[]
34009849,2021-08-09,12.5,0.0,[]
34009849,2021-08-16,40.0,22.5,[]
34009849,2021-08-23,40.0,35.0,[]
34399049,2021-08-16,12.5,0.0,[]
34399049,2021-08-23,37.5,0.0,[]
34399049,2021-08-30,25.0,0.0,[]
34405286,2021-08-16,40.0,10.0,[]
34405286,2021-08-23,31.5,0.0,[]
34405286,2021-08-30,20.5,0.0,[]
34412387,2021-08-16,40.0,22.5,[]
34412387,2021-08-23,29.5,0.0,[]
34412387,2021-08-30,12.5,0.0,[]
34412422,2021-08-09,12.5,0.0,[]
34412422,2021-08-16,12.5,0.0,[]
34412422,2021-08-23,37.5,0.0,[]
34412422,2021-08-30,25.0,0.0,[]
34570826,2021-08-16,37.5,0.0,[]
34570826,2021-08-23,37.5,0.0,[]
34724480,2021-08-16,25.0,0.0,[]
34724480,2021-08-23,40.0,10.0,[]
34878052,2021-08-16,37.5,0.0,[]
34878052,2021-08-23,37.5,0.0,[]
34939488,2021-08-09,12.5,0.0,[]
34957298,2021-08-09,12.5,0.0,[]
34957298,2021-08-16,26.5,0.0,[]
34957298,2021-08-23,37.5,0.0,[]
34957298,2021-08-30,12.5,0.0,[]
35071301,2021-08-16,25.0,0.0,[]
35071301,2021-08-23,12.5,0.0,[]
35071301,2021-08-30,12.5,0.0,[]
35091440,2021-08-09,9.5,0.0,[]
35091440,2021-08-16,34.5,0.0,[]
35091440,2021-08-23,9.5,0.0,[]
35107259,2021-08-16,18.5,0.0,[]
35107259,2021-08-23,10.5,0.0,[]
35206706,2021-08-16,25.0,0.0,[]
35419611,2021-08-09,12.5,0.0,[]
35419611,2021-08-16,40.0,21.5,[]
35447406,2021-08-16,21.0,0.0,[]
35447406,2021-08-23,4.0,0.0,[]
35453340,2021-08-16,12.5,0.0,[]
35453340,2021-08-23,12.5,0.0,[]
35531094,2021-08-16,40.0,18.0,[]
35531094,2021-08-23,21.0,0.0,[]
35531094,2021-08-30,25.0,0.0,[]
35850124,2021-08-09,8.5,0.0,[]
35850124,2021-08-16,37.0,0.0,[]
35850124,2021-08-23,40.0,1.0,[]
35850124,2021-08-30,12.0,0.0,[]
35850131,2021-08-16,40.0,24.0,[]
35850131,2021-08-23,40.0,22.5,[]
35850131,2021-08-30,12.5,0.0,[]
35872130,2021-08-16,40.0,20.0,[]
35872130,2021-08-23,40.0,20.0,[]
35872143,2021-08-16,40.0,8.0,[]
35872143,2021-08-23,24.0,0.0,[]
35872143,2021-08-30,12.0,0.0,[]
35924756,2021-08-16,12.5,0.0,[]
35924756,2021-08-23,25.0,0.0,[]
35924756,2021-08-30,12.5,0.0,[]
35937903,2021-08-16,12.0,0.0,[]
35937903,2021-08-23,6.0,0.0,[]
36068581,2021-08-09,12.5,0.0,[]
36068581,2021-08-16,25.0,0.0,[]
36068581,2021-08-23,40.0,10.0,[]
36068581,2021-08-30,12.5,0.0,[]
36071053,2021-08-09,12.5,0.0,[]
36071053,2021-08-16,37.5,0.0,[]
36071053,2021-08-23,40.0,3.5,[]
36161486,2021-08-09,8.5,0.0,[]
36161486,2021-08-16,40.0,64.5,[]
36161486,2021-08-23,40.0,2.5,[]
36161486,2021-08-30,17.0,0.0,[]
36165996,2021-08-16,40.0,2.5,[]
36166013,2021-08-16,40.0,18.0,[]
36166013,2021-08-23,40.0,49.0,[]
36166013,2021-08-30,24.0,0.0,[]
36166016,2021-08-16,40.0,18.0,[]
36166016,2021-08-23,40.0,2.5,[]
36166016,2021-08-30,17.0,0.0,[]
36166021,2021-08-16,40.0,18.0,[]
36166021,2021-08-23,40.0,2.5,[]
36166021,2021-08-30,17.0,0.0,[]
36170697,2021-08-16,40.0,18.0,[]
36170697,2021-08-23,40.0,2.5,[]
36170697,2021-08-30,8.5,0.0,[]
36170710,2021-08-09,8.5,0.0,[]
36170710,2021-08-16,40.0,2.5,[]
36170710,2021-08-23,40.0,2.5,[]
36170710,2021-08-30,17.0,0.0,[]
36172397,2021-08-16,40.0,33.5,[]
36172397,2021-08-23,40.0,2.5,[]
36172397,2021-08-30,17.0,0.0,[]
36172399,2021-08-16,40.0,2.5,[]
36172399,2021-08-23,40.0,35.0,[]
36172399,2021-08-30,17.0,0.0,[]
36172404,2021-08-09,8.5,0.0,[]
36172404,2021-08-16,40.0,2.5,[]
36172404,2021-08-23,40.0,2.5,[]
36172404,2021-08-30,17.0,0.0,[]
36172408,2021-08-16,40.0,25.5,[]
36172408,2021-08-23,40.0,18.0,[]
36172408,2021-08-30,17.0,0.0,[]
36172410,2021-08-09,8.5,0.0,[]
36172410,2021-08-16,40.0,18.0,[]
36172410,2021-08-23,34.0,0.0,[]
36172414,2021-08-16,40.0,32.5,[]
36172414,2021-08-23,40.0,11.0,[]
36172414,2021-08-30,17.0,0.0,[]
36172420,2021-08-16,40.0,2.5,[]
36172420,2021-08-23,40.0,18.0,[]
36172420,2021-08-30,8.5,0.0,[]
36172423,2021-08-16,40.0,2.5,[]
36172423,2021-08-23,40.0,2.5,[]
36172423,2021-08-30,17.0,0.0,[]
36172425,2021-08-09,8.5,0.0,[]
36172425,2021-08-16,40.0,2.5,[]
36172425,2021-08-23,38.0,0.0,[]
36172425,2021-08-30,17.0,0.0,[]
36172469,2021-08-16,40.0,5.0,[]
36172469,2021-08-23,40.0,16.5,[]
36172469,2021-08-30,33.0,0.0,[]
36172474,2021-08-16,40.0,35.0,[]
36172474,2021-08-23,40.0,20.0,[]
36172474,2021-08-30,18.0,0.0,[]
36172477,2021-08-09,8.5,0.0,[]
36172477,2021-08-16,40.0,35.0,[]
36172477,2021-08-23,40.0,19.5,[]
36172477,2021-08-30,18.0,0.0,[]
36172481,2021-08-16,40.0,28.5,[]
36172481,2021-08-23,40.0,4.0,[]
36172481,2021-08-30,33.0,0.0,[]
36172487,2021-08-09,9.0,0.0,[]
36172487,2021-08-16,40.0,5.0,[]
36172487,2021-08-23,40.0,5.0,[]
36172487,2021-08-30,18.0,0.0,[]
36172660,2021-08-16,20.0,0.0,[]
36172660,2021-08-23,20.0,0.0,[]
36172660,2021-08-30,8.0,0.0,[]
36188420,2021-08-16,40.0,35.0,[]
36188420,2021-08-23,40.0,33.5,[]
36188420,2021-08-30,17.0,0.0,[]
36214819,2021-08-09,12.5,0.0,[]
36214819,2021-08-16,25.0,0.0,[]
36214819,2021-08-23,40.0,10.0,[]
36214822,2021-08-16,25.0,0.0,[]
36214822,2021-08-23,25.0,0.0,[]
36221614,2021-08-16,8.5,0.0,[]
36221614,2021-08-23,8.5,0.0,[]
36221623,2021-08-16,40.0,16.0,[]
36221623,2021-08-23,40.0,2.5,[]
36221623,2021-08-30,17.0,0.0,[]
36222619,2021-08-16,17.0,0.0,[]
36222619,2021-08-23,16.0,0.0,[]
36222619,2021-08-30,4.75,0.0,[]
36222623,2021-08-16,8.5,0.0,[]
36292632,2021-08-16,40.0,28.0,[]
36292632,2021-08-23,40.0,0.0,[]
36292632,2021-08-30,10.0,0.0,[]
36298960,2021-08-16,8.5,0.0,[]
36298960,2021-08-23,17.0,0.0,[]
36379508,2021-08-09,7.0,0.0,[]
36379561,2021-08-16,7.0,0.0,[]
36379561,2021-08-23,7.0,0.0,[]
36379605,2021-08-16,7.0,0.0,[]
36379605,2021-08-23,7.0,0.0,[]
36379705,2021-08-16,7.0,0.0,[]
36379778,2021-08-23,14.0,0.0,[]
36379782,2021-08-23,14.0,0.0,[]
36379805,2021-08-16,7.0,0.0,[]
36379810,2021-08-09,7.0,0.0,[]
36379810,2021-08-16,7.0,0.0,[]
36379817,2021-08-16,14.0,0.0,[]
36379826,2021-08-09,7.0,0.0,[]
36379826,2021-08-16,7.0,0.0,[]
36379851,2021-08-09,7.0,0.0,[]
36379903,2021-08-23,14.0,0.0,[]
36380009,2021-08-16,7.0,0.0,[]
36380009,2021-08-23,7.0,0.0,[]
36380017,2021-08-16,14.0,0.0,[]
36380037,2021-08-16,7.0,0.0,[]
36380037,2021-08-23,7.0,0.0,[]
36380040,2021-08-09,7.0,0.0,[]
36380166,2021-08-09,7.0,0.0,[]
36380166,2021-08-16,7.0,0.0,[]
36380166,2021-08-23,7.0,0.0,[]
36380175,2021-08-09,7.0,0.0,[]
36380175,2021-08-16,14.0,0.0,[]
36380183,2021-08-16,7.0,0.0,[]
36380198,2021-08-16,7.0,0.0,[]
36380201,2021-08-16,17.0,0.0,[]
36380201,2021-08-23,7.0,0.0,[]
36380214,2021-08-23,7.0,0.0,[]
36380260,2021-08-16,7.0,0.0,[]
36380263,2021-08-09,7.0,0.0,[]
36380263,2021-08-23,7.0,0.0,[]
36380282,2021-08-16,7.0,0.0,[]
36380282,2021-08-23,14.0,0.0,[]
36380282,2021-08-30,7.0,0.0,[]
36380291,2021-08-16,9.5,0.0,[]
36405312,2021-08-16,25.0,0.0,[]
36405312,2021-08-23,40.0,10.0,[]
36422975,2021-08-16,40.0,80.0,[]
36422975,2021-08-23,40.0,80.0,[]
36422975,2021-08-30,17.0,0.0,[]
36436326,2021-08-16,7.0,0.0,[]
36436372,2021-08-16,7.0,0.0,[]
36466292,2021-08-23,12.5,0.0,[]
36477714,2021-08-16,40.0,2.5,[]
36477714,2021-08-23,40.0,10.5,[]
36477714,2021-08-30,17.0,0.0,[]
36481521,2021-08-16,35.0,0.0,[]
36481521,2021-08-23,28.0,0.0,[]
36481521,2021-08-30,14.0,0.0,[]
36481524,2021-08-09,7.0,0.0,[]
36481524,2021-08-16,35.0,0.0,[]
36481524,2021-08-23,35.0,0.0,[]
36481524,2021-08-30,14.0,0.0,[]
36481525,2021-08-16,7.0,0.0,[]
36481525,2021-08-23,7.0,0.0,[]
36481525,2021-08-30,7.0,0.0,[]
36481527,2021-08-16,21.0,0.0,[]
36481527,2021-08-23,35.0,0.0,[]
36481527,2021-08-30,14.0,0.0,[]
36481528,2021-08-09,7.0,0.0,[]
36481528,2021-08-16,21.0,0.0,[]
36481528,2021-08-23,35.0,0.0,[]
36481528,2021-08-30,14.0,0.0,[]
36481529,2021-08-16,28.0,0.0,[]
36481529,2021-08-23,21.0,0.0,[]
36481529,2021-08-30,14.0,0.0,[]
36481530,2021-08-09,7.0,0.0,[]
36481530,2021-08-16,12.0,0.0,[]
36481530,2021-08-23,18.0,0.0,[]
36481530,2021-08-30,4.0,0.0,[]
36481531,2021-08-23,21.0,0.0,[]
36481536,2021-08-09,7.0,0.0,[]
36481536,2021-08-16,28.0,0.0,[]
36481536,2021-08-23,40.0,2.0,[]
36481536,2021-08-30,7.0,0.0,[]
36481543,2021-08-09,7.0,0.0,[]
36481543,2021-08-16,28.0,0.0,[]
36481543,2021-08-23,14.0,0.0,[]
36481544,2021-08-16,40.0,2.0,[]
36481544,2021-08-23,28.0,0.0,[]
36481544,2021-08-30,14.0,0.0,[]
36481545,2021-08-16,35.0,0.0,[]
36481545,2021-08-23,40.0,2.0,[]
36481545,2021-08-30,7.0,0.0,[]
36481547,2021-08-16,35.0,0.0,[]
36481547,2021-08-23,40.0,2.0,[]
36481547,2021-08-30,7.0,0.0,[]
36481548,2021-08-16,40.0,9.0,[]
36481548,2021-08-23,21.0,0.0,[]
36481548,2021-08-30,14.0,0.0,[]
36481563,2021-08-16,35.0,0.0,[]
36481563,2021-08-30,14.0,0.0,[]
36481565,2021-08-16,35.0,0.0,[]
36481565,2021-08-23,28.0,0.0,[]
36481565,2021-08-30,14.0,0.0,[]
36481566,2021-08-23,7.0,0.0,[]
36481566,2021-08-30,7.0,0.0,[]
36481568,2021-08-09,7.0,0.0,[]
36481568,2021-08-16,28.0,0.0,[]
36481568,2021-08-23,28.0,0.0,[]
36481568,2021-08-30,14.0,0.0,[]
36481569,2021-08-16,35.0,0.0,[]
36481569,2021-08-23,35.0,0.0,[]
36481569,2021-08-30,14.0,0.0,[]
36481576,2021-08-09,7.0,0.0,[]
36481576,2021-08-23,7.0,0.0,[]
36481579,2021-08-16,35.0,0.0,[]
36481579,2021-08-23,35.0,0.0,[]
36481579,2021-08-30,14.0,0.0,[]
36481582,2021-08-16,40.0,1.5,[]
36481582,2021-08-23,40.0,1.5,[]
36481582,2021-08-30,16.5,0.0,[]
36481584,2021-08-16,7.0,0.0,[]
36481584,2021-08-23,28.0,0.0,[]
36481584,2021-08-30,14.0,0.0,[]
36536784,2021-08-16,37.5,0.0,[]
36536784,2021-08-23,25.0,0.0,[]
36536784,2021-08-30,12.5,0.0,[]
36606971,2021-08-16,37.5,0.0,[]
36606971,2021-08-23,30.0,0.0,[]
36670838,2021-08-16,37.5,0.0,[]
36670838,2021-08-23,40.0,22.5,[]
36710934,2021-08-16,35.0,0.0,[]
36710934,2021-08-23,35.0,0.0,[]
36710934,2021-08-30,7.0,0.0,[]
36775952,2021-08-16,40.0,8.0,[]
36775952,2021-08-23,40.0,32.0,[]
36783638,2021-08-09,12.5,0.0,[]
36783638,2021-08-16,12.5,0.0,[]
36783638,2021-08-23,40.0,14.5,[]
36783638,2021-08-30,12.5,0.0,[]
36952270,2021-08-16,28.0,0.0,[]
36952270,2021-08-23,28.0,0.0,[]
36952270,2021-08-30,14.0,0.0,[]
37013067,2021-08-16,37.5,0.0,[]
37013067,2021-08-23,12.5,0.0,[]
37013067,2021-08-30,12.5,0.0,[]
37013069,2021-08-09,12.5,0.0,[]
37013069,2021-08-23,40.0,35.0,[]
37013074,2021-08-23,25.0,0.0,[]
37013074,2021-08-30,12.5,0.0,[]
37013076,2021-08-16,25.0,0.0,[]
37013076,2021-08-23,37.5,0.0,[]
37013083,2021-08-16,40.0,10.0,[]
37013083,2021-08-23,37.5,0.0,[]
37032437,2021-08-16,17.0,0.0,[]
37032437,2021-08-23,8.5,0.0,[]
37032437,2021-08-30,8.5,0.0,[]
37053011,2021-08-16,12.5,0.0,[]
37078850,2021-08-09,12.5,0.0,[]
37078850,2021-08-16,25.0,0.0,[]
37078850,2021-08-23,40.0,10.0,[]
37078850,2021-08-30,12.5,0.0,[]
37082122,2021-08-23,3.0,0.0,[]
37082122,2021-08-30,3.0,0.0,[]
37142850,2021-08-16,12.5,0.0,[]
37142850,2021-08-23,40.0,10.0,[]
37144799,2021-08-16,40.0,22.5,[]
37144799,2021-08-30,12.5,0.0,[]
37149381,2021-08-16,40.0,11.0,[]
37149381,2021-08-23,40.0,11.0,[]
37149381,2021-08-30,17.0,0.0,[]
37297501,2021-08-16,40.0,16.0,"[np.int64(2636728813), np.int64(2636837087)]"
37297501,2021-08-23,11.783333333333333,0.0,"[np.int64(2636728813), np.int64(2636837087)]"
37297501,2021-08-30,25.0,0.0,"[np.int64(2636728813), np.int64(2636837087)]"
37365932,2021-08-09,23.96666666666667,0.0,[]
37365932,2021-08-16,34.0,0.0,[]
37365932,2021-08-23,40.0,54.83333333333333,[]
37365932,2021-08-30,17.0,0.0,[]
37394280,2021-08-16,4.0,0.0,[]
37394280,2021-08-23,4.0,0.0,[]
37396800,2021-08-16,28.0,0.0,[]
37396800,2021-08-23,28.0,0.0,[]
37396800,2021-08-30,7.0,0.0,[]
37477690,2021-08-16,40.0,0.5,[]
37477690,2021-08-23,40.0,50.5,[]
37477690,2021-08-30,24.0,0.0,[]
37503027,2021-08-09,12.5,0.0,[]
37503027,2021-08-16,37.5,0.0,[]
37503027,2021-08-23,40.0,10.0,[]
37503028,2021-08-16,37.5,0.0,[]
37503028,2021-08-23,40.0,10.0,[]
37503028,2021-08-30,12.5,0.0,[]
37503034,2021-08-09,12.5,0.0,[]
37503034,2021-08-16,40.0,10.0,[]
37503034,2021-08-23,12.5,0.0,[]
37579586,2021-08-16,40.0,11.0,[]
37579586,2021-08-23,40.0,2.5,[]
37579586,2021-08-30,17.0,0.0,[]
37579753,2021-08-09,8.5,0.0,[]
37579753,2021-08-23,8.5,0.0,[]
37674739,2021-08-16,37.5,0.0,[]
37674739,2021-08-23,40.0,7.5,[]
37674739,2021-08-30,12.5,0.0,[]
37791865,2021-08-09,12.5,0.0,[]
37791865,2021-08-16,25.0,0.0,[]
37791865,2021-08-23,40.0,10.0,[]
37791868,2021-08-09,12.5,0.0,[]
37791868,2021-08-16,25.0,0.0,[]
37791868,2021-08-23,37.5,0.0,[]
37791870,2021-08-23,31.5,0.0,[]
37796374,2021-08-16,40.0,13.5,[]
37796374,2021-08-23,40.0,4.5,[]
37796374,2021-08-30,18.0,0.0,[]
37845053,2021-08-16,11.25,0.0,[]
37845053,2021-08-23,11.25,0.0,[]
37845053,2021-08-30,3.75,0.0,[]
37958607,2021-08-23,22.0,0.0,[]
38016079,2021-08-09,7.0,0.0,[]
38016079,2021-08-16,28.0,0.0,[]
38016079,2021-08-23,21.0,0.0,[]
38030911,2021-08-16,40.0,5.0,[]
38030911,2021-08-30,25.0,0.0,[]
38030915,2021-08-16,25.0,0.0,[]
38030915,2021-08-23,25.0,0.0,[]
38041592,2021-08-09,12.5,0.0,[]
38041592,2021-08-16,12.5,0.0,[]
38041592,2021-08-23,40.0,8.0,[]
38041592,2021-08-30,12.0,0.0,[]
38048620,2021-08-16,7.0,0.0,[]
38070707,2021-08-16,16.0,0.0,[]
38070707,2021-08-23,16.0,0.0,[]
38070707,2021-08-30,8.5,0.0,[]
38086459,2021-08-16,40.0,10.0,[]
38086459,2021-08-23,12.5,0.0,[]
38086459,2021-08-30,12.5,0.0,[]
38086460,2021-08-16,37.5,0.0,[]
38086460,2021-08-23,12.5,0.0,[]
38086460,2021-08-30,25.0,0.0,[]
38092249,2021-08-09,7.0,0.0,[]
38092249,2021-08-23,7.0,0.0,[]
38092267,2021-08-16,7.0,0.0,[]
38092267,2021-08-23,7.0,0.0,[]
38093933,2021-08-09,12.5,0.0,[]
38093933,2021-08-16,22.0,0.0,[]
38093933,2021-08-23,25.0,0.0,[]
38093933,2021-08-30,12.5,0.0,[]
38114558,2021-08-16,40.0,10.0,[]
38114558,2021-08-23,25.0,0.0,[]
38114558,2021-08-30,12.5,0.0,[]
38125007,2021-08-16,14.0,0.0,[]
38127426,2021-08-09,8.5,0.0,[]
38127426,2021-08-16,34.0,0.0,[]
38127426,2021-08-23,40.0,19.5,[]
38127426,2021-08-30,17.0,0.0,[]
38127427,2021-08-09,8.5,0.0,[]
38127427,2021-08-16,17.0,0.0,[]
38127427,2021-08-23,17.0,0.0,[]
38127430,2021-08-16,40.0,2.5,[]
38127430,2021-08-23,40.0,2.5,[]
38127430,2021-08-30,17.0,0.0,[]
38127432,2021-08-09,8.5,0.0,[]
38127432,2021-08-16,34.0,0.0,[]
38127432,2021-08-23,40.0,17.0,[]
38127432,2021-08-30,6.0,0.0,[]
38195504,2021-08-16,24.5,0.0,[]
38195504,2021-08-23,40.0,8.5,[]
38195504,2021-08-30,12.5,0.0,[]
38202608,2021-08-09,12.5,0.0,[]
38202608,2021-08-16,40.0,22.5,[]
38202608,2021-08-23,40.0,10.0,[]
38221335,2021-08-16,19.0,0.0,[]
38246750,2021-08-09,12.5,0.0,[]
38246750,2021-08-16,12.5,0.0,[]
38246751,2021-08-16,40.0,22.5,[]
38246751,2021-08-30,25.0,0.0,[]
38246752,2021-08-09,12.5,0.0,[]
38246752,2021-08-16,40.0,10.0,[]
38246752,2021-08-23,25.0,0.0,[]
38246752,2021-08-30,25.0,0.0,[]
38296641,2021-08-16,37.5,0.0,[]
38296641,2021-08-23,37.5,0.0,[]
38296641,2021-08-30,12.5,0.0,[]
38296642,2021-08-16,37.5,0.0,[]
38300765,2021-08-16,12.5,0.0,"[np.int64(2632278984), np.int64(2659458166)]"
38300765,2021-08-23,37.5,0.0,"[np.int64(2632278984), np.int64(2659458166)]"
38348694,2021-08-16,27.25,0.0,[]
38348694,2021-08-23,12.5,0.0,[]
38366833,2021-08-16,40.0,22.5,[]
38366833,2021-08-23,12.5,0.0,[]
38366833,2021-08-30,25.0,0.0,[]
38367411,2021-08-16,12.5,0.0,[]
38367411,2021-08-30,12.5,0.0,[]
38401554,2021-08-16,40.0,10.0,[]
38401554,2021-08-23,25.0,0.0,[]
38401554,2021-08-30,25.0,0.0,[]
38410756,2021-08-09,12.5,0.0,[]
38410756,2021-08-16,40.0,35.0,[]
38410756,2021-08-23,25.0,0.0,[]
38410756,2021-08-30,12.5,0.0,[]
38430916,2021-08-09,7.0,0.0,[]
38430916,2021-08-16,21.0,0.0,[]
38430916,2021-08-23,35.0,0.0,[]
38449928,2021-08-16,27.0,0.0,[]
38449928,2021-08-23,31.0,0.0,[]
38449928,2021-08-30,14.0,0.0,[]
38453796,2021-08-09,12.5,0.0,[]
38453796,2021-08-16,12.5,0.0,[]
38453796,2021-08-23,40.0,22.5,[]
38453797,2021-08-16,8.0,0.0,[]
38453800,2021-08-16,33.0,0.0,[]
38453800,2021-08-23,25.0,0.0,[]
38453800,2021-08-30,25.0,0.0,[]
38453801,2021-08-09,12.5,0.0,[]
38453801,2021-08-16,40.0,22.5,[]
38453801,2021-08-23,25.0,0.0,[]
38453801,2021-08-30,25.0,0.0,[]
38458802,2021-08-16,7.0,0.0,[]
38465654,2021-08-16,40.0,10.0,[]
38465654,2021-08-23,25.0,0.0,[]
38465654,2021-08-30,25.0,0.0,[]
38467869,2021-08-16,40.0,11.0,[]
38467869,2021-08-23,34.0,0.0,[]
38467869,2021-08-30,17.0,0.0,[]
38481531,2021-08-16,40.0,22.5,[]
38481531,2021-08-23,12.5,0.0,[]
38481531,2021-08-30,25.0,0.0,[]
38481565,2021-08-16,37.5,0.0,[]
38481565,2021-08-23,25.0,0.0,[]
38481565,2021-08-30,12.5,0.0,[]
38481577,2021-08-09,12.5,0.0,[]
38481577,2021-08-16,37.5,0.0,[]
38481577,2021-08-23,40.0,35.0,[]
38500968,2021-08-23,12.5,0.0,[]
38516627,2021-08-16,40.0,2.5,[]
38516627,2021-08-23,40.0,2.5,[]
38516627,2021-08-30,17.0,0.0,[]
38516628,2021-08-09,8.5,0.0,[]
38516628,2021-08-16,40.0,11.0,[]
38516628,2021-08-23,34.0,0.0,[]
38516628,2021-08-30,17.0,0.0,[]
38516630,2021-08-09,8.5,0.0,[]
38516630,2021-08-16,34.0,0.0,[]
38516630,2021-08-23,40.0,11.0,[]
38516630,2021-08-30,17.0,0.0,[]
38516631,2021-08-16,40.0,11.0,[]
38516631,2021-08-23,25.5,0.0,[]
38516631,2021-08-30,17.0,0.0,[]
38516633,2021-08-09,8.5,0.0,[]
38516633,2021-08-16,34.0,0.0,[]
38516633,2021-08-23,40.0,11.0,[]
38516633,2021-08-30,17.0,0.0,[]
38536844,2021-08-16,25.0,0.0,[]
38542230,2021-08-16,12.5,0.0,[]
38542230,2021-08-23,40.0,35.0,[]
38544358,2021-08-16,21.0,0.0,[]
38544358,2021-08-30,7.0,0.0,[]
38544364,2021-08-30,14.0,0.0,[]
38585121,2021-08-16,25.0,0.0,[]
38585121,2021-08-23,37.5,0.0,[]
38585375,2021-08-16,25.0,0.0,[]
38585375,2021-08-23,40.0,10.0,[]
38585375,2021-08-30,12.5,0.0,[]
38587334,2021-08-09,12.5,0.0,[]
38587334,2021-08-16,37.5,0.0,[]
38587334,2021-08-23,37.5,0.0,[]
38604890,2021-08-16,12.0,0.0,[]
38604890,2021-08-23,8.0,0.0,[]
38604890,2021-08-30,4.0,0.0,[]
38624873,2021-08-23,40.0,22.5,[]
38624873,2021-08-30,12.5,0.0,[]
38666608,2021-08-09,7.0,0.0,[]
38666608,2021-08-23,7.0,0.0,[]
38679070,2021-08-09,12.5,0.0,[]
38679070,2021-08-16,25.0,0.0,[]
38679070,2021-08-30,12.5,0.0,[]
38710056,2021-08-16,25.0,0.0,[]
38710056,2021-08-23,40.0,10.0,[]
38712767,2021-08-16,40.0,35.0,[]
38713462,2021-08-09,8.5,0.0,[]
38713462,2021-08-16,32.5,0.0,[]
38713462,2021-08-23,40.0,11.0,[]
38713462,2021-08-30,17.0,0.0,[]
38719083,2021-08-09,12.5,0.0,[]
38719083,2021-08-16,37.5,0.0,[]
38719083,2021-08-23,40.0,10.0,[]
38728253,2021-08-16,9.5,0.0,[]
38733325,2021-08-23,7.0,0.0,[]
38746079,2021-08-09,12.5,0.0,[]
38746079,2021-08-16,19.5,0.0,[]
38746079,2021-08-23,40.0,35.0,[]
38746079,2021-08-30,12.5,0.0,[]
38753291,2021-08-16,37.5,0.0,[]
38753291,2021-08-23,40.0,22.5,[]
38760057,2021-08-16,31.5,0.0,"[np.int64(2660803940), np.int64(2660804862)]"
38760057,2021-08-23,36.0,0.0,"[np.int64(2660803940), np.int64(2660804862)]"
38760057,2021-08-30,13.0,0.0,"[np.int64(2660803940), np.int64(2660804862)]"
38760059,2021-08-09,8.5,0.0,[]
38760059,2021-08-16,34.0,0.0,[]
38760059,2021-08-23,34.0,0.0,[]
38760059,2021-08-30,17.0,0.0,[]
38760063,2021-08-16,40.0,11.0,[]
38760063,2021-08-23,34.0,0.0,[]
38760067,2021-08-09,8.5,0.0,[]
38760068,2021-08-16,40.0,2.5,[]
38760068,2021-08-23,25.5,0.0,[]
38760068,2021-08-30,17.0,0.0,[]
38760071,2021-08-16,40.0,2.5,[]
38760071,2021-08-23,17.0,0.0,[]
38760071,2021-08-30,17.0,0.0,[]
38760073,2021-08-16,40.0,2.5,[]
38760073,2021-08-23,40.0,11.0,[]
38760073,2021-08-30,8.5,0.0,[]
38760074,2021-08-16,40.0,2.5,[]
38760074,2021-08-23,40.0,2.5,[]
38760074,2021-08-30,17.0,0.0,[]
38760076,2021-08-16,34.0,0.0,[]
38760076,2021-08-23,40.0,2.5,[]
38760076,2021-08-30,17.0,0.0,[]
38760078,2021-08-16,38.5,0.0,[]
38760078,2021-08-23,40.0,2.5,[]
38760078,2021-08-30,17.0,0.0,[]
38760079,2021-08-16,8.5,0.0,[]
38760081,2021-08-23,8.5,0.0,[]
38760082,2021-08-09,8.5,0.0,[]
38760082,2021-08-16,34.0,0.0,[]
38760082,2021-08-23,24.0,0.0,[]
38760082,2021-08-30,17.0,0.0,[]
38760083,2021-08-16,22.0,0.0,[]
38760083,2021-08-23,17.0,0.0,[]
38760084,2021-08-09,8.5,0.0,[]
38760084,2021-08-16,17.0,0.0,[]
38760084,2021-08-23,8.5,0.0,[]
38760085,2021-08-16,40.0,2.5,[]
38760085,2021-08-23,40.0,11.0,[]
38760085,2021-08-30,17.0,0.0,[]
38760087,2021-08-16,8.5,0.0,[]
38760089,2021-08-16,22.5,0.0,[]
38760089,2021-08-23,22.5,0.0,[]
38760089,2021-08-30,7.0,0.0,[]
38760092,2021-08-16,17.0,0.0,[]
38760092,2021-08-23,34.0,0.0,[]
38760092,2021-08-30,17.0,0.0,[]
38760094,2021-08-16,17.0,0.0,[]
38760094,2021-08-23,40.0,2.5,[]
38760094,2021-08-30,8.5,0.0,[]
38760095,2021-08-09,11.5,0.0,[]
38760095,2021-08-16,34.5,0.0,[]
38760095,2021-08-23,11.5,0.0,[]
38760096,2021-08-16,8.5,0.0,[]
38760098,2021-08-23,8.5,0.0,[]
38760099,2021-08-16,40.0,1.0,[]
38760099,2021-08-23,40.0,2.5,[]
38760099,2021-08-30,17.0,0.0,[]
38760100,2021-08-16,40.0,2.5,[]
38760100,2021-08-23,40.0,2.5,[]
38760100,2021-08-30,17.0,0.0,[]
38760102,2021-08-09,8.5,0.0,[]
38760105,2021-08-16,40.0,2.5,[]
38760105,2021-08-23,34.0,0.0,[]
38760105,2021-08-30,17.0,0.0,[]
38760106,2021-08-16,12.75,0.0,[]
38760107,2021-08-16,8.5,0.0,[]
38760107,2021-08-23,7.0,0.0,[]
38760108,2021-08-23,40.0,2.5,[]
38760108,2021-08-30,17.0,0.0,[]
38760109,2021-08-16,32.0,0.0,[]
38760109,2021-08-23,34.0,0.0,[]
38760109,2021-08-30,17.0,0.0,[]
38760110,2021-08-09,8.5,0.0,[]
38760110,2021-08-16,8.5,0.0,[]
38760111,2021-08-16,25.5,0.0,[]
38760111,2021-08-23,25.5,0.0,[]
38760112,2021-08-16,17.0,0.0,[]
38760112,2021-08-23,12.5,0.0,[]
38760112,2021-08-30,17.0,0.0,[]
38760113,2021-08-16,8.5,0.0,[]
38760113,2021-08-23,8.5,0.0,[]
38760113,2021-08-30,8.5,0.0,[]
38760114,2021-08-16,40.0,2.5,[]
38760114,2021-08-23,25.5,0.0,[]
38760114,2021-08-30,8.5,0.0,[]
38760115,2021-08-16,8.5,0.0,[]
38760120,2021-08-16,34.0,0.0,[]
38760120,2021-08-23,25.5,0.0,[]
38760120,2021-08-30,8.5,0.0,[]
38760122,2021-08-16,34.0,0.0,"[np.int64(2568487396), np.int64(2568487398), np.int64(2568487658), np.int64(2568488044), np.int64(2568487400), np.int64(2596394825), np.int64(2596394826), np.int64(2596393118), np.int64(2596393727), np.int64(2596394828)]"
38760122,2021-08-23,17.0,0.0,"[np.int64(2568487396), np.int64(2568487398), np.int64(2568487658), np.int64(2568488044), np.int64(2568487400), np.int64(2596394825), np.int64(2596394826), np.int64(2596393118), np.int64(2596393727), np.int64(2596394828)]"
38760122,2021-08-30,8.5,0.0,"[np.int64(2568487396), np.int64(2568487398), np.int64(2568487658), np.int64(2568488044), np.int64(2568487400), np.int64(2596394825), np.int64(2596394826), np.int64(2596393118), np.int64(2596393727), np.int64(2596394828)]"
38760123,2021-08-16,40.0,2.5,[]
38760123,2021-08-23,25.5,0.0,[]
38760123,2021-08-30,17.0,0.0,[]
38760124,2021-08-23,40.0,2.0,[]
38760124,2021-08-30,10.5,0.0,[]
38760126,2021-08-16,17.0,0.0,[]
38760127,2021-08-16,40.0,2.5,"[np.int64(2595466866), np.int64(2639606803), np.int64(2595467227), np.int64(2661612310)]"
38760127,2021-08-23,25.5,0.0,"[np.int64(2595466866), np.int64(2639606803), np.int64(2595467227), np.int64(2661612310)]"
38760128,2021-08-09,8.5,0.0,[]
38760128,2021-08-16,8.5,0.0,[]
38760128,2021-08-23,8.5,0.0,[]
38760130,2021-08-23,8.5,0.0,[]
38760131,2021-08-09,8.5,0.0,[]
38760131,2021-08-16,34.0,0.0,[]
38760131,2021-08-23,40.0,1.5,[]
38760131,2021-08-30,16.0,0.0,[]
38760132,2021-08-16,25.0,0.0,[]
38760132,2021-08-23,40.0,2.5,[]
38760132,2021-08-30,14.0,0.0,[]
38760133,2021-08-09,8.5,0.0,[]
38760133,2021-08-16,17.0,0.0,[]
38760133,2021-08-23,21.25,0.0,[]
38760133,2021-08-30,4.25,0.0,[]
38760134,2021-08-16,25.5,0.0,[]
38760134,2021-08-23,40.0,1.25,[]
38760134,2021-08-30,17.0,0.0,[]
38760137,2021-08-16,31.5,0.0,[]
38760137,2021-08-23,40.0,2.0,[]
38760137,2021-08-30,21.0,0.0,[]
38760142,2021-08-16,40.0,2.5,[]
38760142,2021-08-23,21.0,0.0,[]
38760143,2021-08-16,8.5,0.0,[]
38760143,2021-08-23,34.0,0.0,[]
38760143,2021-08-30,17.0,0.0,[]
38760144,2021-08-16,17.0,0.0,[]
38760144,2021-08-23,25.5,0.0,[]
38760144,2021-08-30,17.0,0.0,[]
38760145,2021-08-16,32.5,0.0,[]
38760145,2021-08-23,39.5,0.0,[]
38760146,2021-08-16,40.0,2.0,[]
38760146,2021-08-23,40.0,11.75,[]
38760146,2021-08-30,21.0,0.0,[]
38760148,2021-08-16,21.5,0.0,[]
38760148,2021-08-23,21.5,0.0,[]
38760148,2021-08-30,4.5,0.0,[]
38760150,2021-08-16,40.0,2.5,[]
38760150,2021-08-23,40.0,11.0,[]
38760150,2021-08-30,17.0,0.0,[]
38760151,2021-08-16,5.0,0.0,[]
38760153,2021-08-09,8.5,0.0,[]
38760153,2021-08-16,34.0,0.0,[]
38760153,2021-08-23,25.5,0.0,[]
38760154,2021-08-16,22.5,0.0,[]
38760154,2021-08-23,34.0,0.0,[]
38760154,2021-08-30,17.0,0.0,[]
38760155,2021-08-16,17.0,0.0,[]
38760158,2021-08-16,25.5,0.0,[]
38760158,2021-08-23,40.0,2.5,[]
38760158,2021-08-30,17.0,0.0,[]
38784890,2021-08-16,37.5,0.0,[]
38784890,2021-08-23,25.0,0.0,[]
38784890,2021-08-30,12.5,0.0,[]
38830406,2021-08-09,12.5,0.0,[]
38830406,2021-08-16,12.5,0.0,[]
38830406,2021-08-23,40.0,22.5,[]
38912989,2021-08-16,12.5,0.0,[]
38912989,2021-08-23,12.5,0.0,[]
38912998,2021-08-16,40.0,22.5,[]
38912998,2021-08-23,12.5,0.0,[]
38912998,2021-08-30,12.5,0.0,[]
38913003,2021-08-23,40.0,2.5,[]
38913003,2021-08-30,17.0,0.0,[]
38922079,2021-08-16,40.0,2.5,[]
38922079,2021-08-23,40.0,2.5,[]
38922079,2021-08-30,17.0,0.0,[]
38922100,2021-08-16,20.0,0.0,[]
38922100,2021-08-23,17.5,0.0,[]
38922105,2021-08-09,5.0,0.0,[]
38922105,2021-08-16,5.0,0.0,[]
38960878,2021-08-16,12.5,0.0,[]
38960878,2021-08-23,12.5,0.0,[]
38960879,2021-08-16,12.5,0.0,[]
38960879,2021-08-23,12.5,0.0,[]
38963011,2021-08-09,9.5,0.0,[]
38963011,2021-08-16,40.0,41.0,[]
38963011,2021-08-23,34.0,0.0,[]
38963011,2021-08-30,17.0,0.0,[]
38964046,2021-08-16,25.5,0.0,[]
38964046,2021-08-23,8.5,0.0,[]
38969111,2021-08-16,12.5,0.0,[]
38969111,2021-08-23,12.5,0.0,[]
38976979,2021-08-23,12.5,0.0,[]
38980233,2021-08-16,12.5,0.0,[]
38980233,2021-08-23,12.5,0.0,[]
39009228,2021-08-09,12.5,0.0,[]
39009228,2021-08-16,30.0,0.0,[]
39009228,2021-08-23,40.0,10.0,[]
39009233,2021-08-23,40.0,10.0,[]
39009233,2021-08-30,12.5,0.0,[]
39022274,2021-08-23,36.0,0.0,[]
39022274,2021-08-30,12.0,0.0,[]
39107844,2021-08-09,12.5,0.0,[]
39107844,2021-08-16,37.5,0.0,[]
39107844,2021-08-23,12.5,0.0,[]
39107847,2021-08-09,12.5,0.0,[]
39107847,2021-08-16,25.0,0.0,[]
39107847,2021-08-23,37.5,0.0,[]
39108932,2021-08-09,12.5,0.0,[]
39108932,2021-08-16,25.0,0.0,[]
39108932,2021-08-23,40.0,10.0,[]
39118784,2021-08-09,8.5,0.0,[]
39118784,2021-08-16,34.0,0.0,[]
39118784,2021-08-23,40.0,11.0,[]
39118784,2021-08-30,8.5,0.0,[]
39143502,2021-08-16,40.0,22.5,[]
39143502,2021-08-23,12.5,0.0,[]
39143502,2021-08-30,25.0,0.0,[]
39143503,2021-08-16,25.0,0.0,[]
39143503,2021-08-23,40.0,10.0,[]
39143503,2021-08-30,12.5,0.0,[]
39143508,2021-08-09,6.0,0.0,[]
39143510,2021-08-09,12.5,0.0,[]
39143510,2021-08-16,40.0,10.0,[]
39143510,2021-08-23,25.0,0.0,[]
39145981,2021-08-09,12.5,0.0,[]
39145981,2021-08-16,40.0,22.5,[]
39145981,2021-08-23,40.0,10.0,[]
39153060,2021-08-09,7.0,0.0,[]
39153060,2021-08-16,28.0,0.0,[]
39153060,2021-08-23,35.0,0.0,[]
39153060,2021-08-30,14.0,0.0,[]
39159473,2021-08-16,31.5,0.0,[]
39159473,2021-08-23,40.0,26.0,[]
39159473,2021-08-30,21.0,0.0,[]
39167293,2021-08-16,7.0,0.0,[]
39167293,2021-08-23,7.0,0.0,[]
39168263,2021-08-16,14.0,0.0,[]
39168263,2021-08-23,28.0,0.0,[]
39169620,2021-08-09,8.0,0.0,[]
39227861,2021-08-09,12.5,0.0,[]
39227861,2021-08-16,40.0,15.0,[]
39227861,2021-08-23,40.0,10.0,[]
39227861,2021-08-30,12.5,0.0,[]
39227864,2021-08-16,25.0,0.0,[]
39227864,2021-08-23,12.5,0.0,[]
39232739,2021-08-23,23.0,0.0,[]
39232739,2021-08-30,4.0,0.0,[]
39315228,2021-08-09,12.5,0.0,[]
39315228,2021-08-16,12.5,0.0,[]
39315228,2021-08-23,40.0,22.5,[]
39315232,2021-08-16,40.0,35.0,[]
39315232,2021-08-23,40.0,22.5,[]
39315234,2021-08-16,40.0,10.0,[]
39315234,2021-08-23,37.5,0.0,[]
39315234,2021-08-30,12.5,0.0,[]
39321961,2021-08-16,3.0,0.0,[]
39321961,2021-08-23,3.0,0.0,[]
39324077,2021-08-16,40.0,2.5,[]
39324077,2021-08-23,40.0,23.0,[]
39324077,2021-08-30,17.0,0.0,[]
39330587,2021-08-09,12.5,0.0,[]
39330587,2021-08-16,40.0,10.0,[]
39330587,2021-08-23,25.0,0.0,[]
39331317,2021-08-16,8.5,0.0,[]
39331317,2021-08-23,25.5,0.0,[]
39331317,2021-08-30,8.5,0.0,[]
39337853,2021-08-16,21.0,0.0,[]
39337853,2021-08-23,21.0,0.0,[]
39337853,2021-08-30,14.0,0.0,[]
39360547,2021-08-16,40.0,10.0,[]
39360547,2021-08-23,37.5,0.0,[]
39360547,2021-08-30,12.5,0.0,[]
39369930,2021-08-09,6.0,0.0,[]
39369930,2021-08-16,40.0,3.5,[]
39369930,2021-08-23,28.5,0.0,[]
39369930,2021-08-30,7.5,0.0,[]
39370751,2021-08-16,36.0,0.0,[]
39370751,2021-08-23,24.0,0.0,[]
39379347,2021-08-09,12.5,0.0,[]
39379347,2021-08-16,25.0,0.0,[]
39379347,2021-08-23,40.0,10.0,[]
39380039,2021-08-23,12.5,0.0,[]
39410469,2021-08-16,7.0,0.0,[]
39410469,2021-08-23,7.0,0.0,[]
39410469,2021-08-30,7.0,0.0,[]
39460576,2021-08-09,7.0,0.0,[]
39460576,2021-08-16,14.0,0.0,[]
39463151,2021-08-16,40.0,10.0,[]
39463151,2021-08-23,37.5,0.0,[]
39463151,2021-08-30,12.5,0.0,[]
39464582,2021-08-16,34.0,0.0,[]
39464582,2021-08-23,40.0,2.5,[]
39464582,2021-08-30,17.0,0.0,[]
39475750,2021-08-09,12.5,0.0,[]
39475750,2021-08-16,40.0,22.5,[]
39475750,2021-08-23,37.5,0.0,[]
39475750,2021-08-30,12.5,0.0,[]
39484231,2021-08-23,7.0,0.0,[]
39484246,2021-08-16,28.0,0.0,[]
39484246,2021-08-23,14.0,0.0,[]
39484257,2021-08-16,7.0,0.0,[]
39501658,2021-08-09,12.5,0.0,[]
39501658,2021-08-16,25.0,0.0,[]
39501658,2021-08-23,40.0,10.0,[]
39501658,2021-08-30,12.5,0.0,[]
39535430,2021-08-09,9.5,0.0,[]
39535430,2021-08-16,9.5,0.0,[]
39537656,2021-08-23,12.5,0.0,[]
39545878,2021-08-23,12.5,0.0,[]
39545878,2021-08-30,12.5,0.0,[]
39545879,2021-08-16,25.0,0.0,[]
39545879,2021-08-23,40.0,10.0,[]
39545881,2021-08-09,12.5,0.0,[]
39545881,2021-08-16,40.0,22.5,[]
39545881,2021-08-23,37.5,0.0,[]
39545881,2021-08-30,12.5,0.0,[]
39545883,2021-08-16,40.0,10.0,[]
39545883,2021-08-23,40.0,10.0,[]
39545888,2021-08-09,12.5,0.0,[]
39545888,2021-08-23,40.0,35.0,[]
39551523,2021-08-16,10.0,0.0,[]
39554120,2021-08-09,12.0,0.0,[]
39554120,2021-08-16,24.0,0.0,[]
39554120,2021-08-23,24.0,0.0,[]
39554120,2021-08-30,12.0,0.0,[]
39562098,2021-08-16,12.5,0.0,[]
39564627,2021-08-16,40.0,16.0,"[np.int64(2472465249), np.int64(2620737862)]"
39564627,2021-08-23,40.0,9.5,"[np.int64(2472465249), np.int64(2620737862)]"
39564627,2021-08-30,32.5,0.0,"[np.int64(2472465249), np.int64(2620737862)]"
39570491,2021-08-16,40.0,23.0,[]
39570491,2021-08-23,24.0,0.0,[]
39570491,2021-08-30,12.0,0.0,[]
39570510,2021-08-09,12.0,0.0,[]
39570510,2021-08-16,24.0,0.0,[]
39570510,2021-08-23,40.0,32.0,[]
39570510,2021-08-30,12.0,0.0,[]
39591619,2021-08-23,8.0,0.0,[]
39593881,2021-08-16,25.0,0.0,[]
39593881,2021-08-23,40.0,22.5,[]
39602116,2021-08-16,9.5,0.0,[]
39638057,2021-08-23,25.5,0.0,[]
39638057,2021-08-30,8.5,0.0,[]
39681982,2021-08-09,12.5,0.0,[]
39681982,2021-08-16,25.0,0.0,[]
39681982,2021-08-23,25.0,0.0,[]
39681982,2021-08-30,12.5,0.0,[]
39681983,2021-08-09,12.5,0.0,[]
39681983,2021-08-16,40.0,10.0,[]
39681983,2021-08-23,40.0,22.5,[]
39681983,2021-08-30,12.5,0.0,[]
39684049,2021-08-09,8.0,0.0,[]
39684049,2021-08-16,40.0,2.5,[]
39684049,2021-08-23,34.0,0.0,[]
39684049,2021-08-30,8.5,0.0,[]
39689680,2021-08-16,12.5,0.0,[]
39690799,2021-08-16,40.0,2.5,[]
39690799,2021-08-23,40.0,2.5,[]
39690799,2021-08-30,17.0,0.0,[]
39692693,2021-08-09,8.5,0.0,[]
39692693,2021-08-16,17.0,0.0,[]
39692693,2021-08-23,17.0,0.0,[]
39692693,2021-08-30,8.5,0.0,[]
39725954,2021-08-16,40.0,5.5,[]
39725954,2021-08-23,25.0,0.0,[]
39725957,2021-08-09,12.5,0.0,[]
39725957,2021-08-16,25.0,0.0,[]
39725957,2021-08-23,40.0,10.5,[]
39725958,2021-08-16,40.0,10.0,[]
39725958,2021-08-23,37.5,0.0,[]
39725958,2021-08-30,12.5,0.0,[]
39733029,2021-08-09,12.5,0.0,[]
39733029,2021-08-16,37.5,0.0,[]
39733029,2021-08-23,25.0,0.0,[]
39744630,2021-08-16,40.0,18.0,[]
39744630,2021-08-23,40.0,2.5,[]
39744630,2021-08-30,17.0,0.0,[]
39744775,2021-08-16,8.5,0.0,[]
39744775,2021-08-23,8.5,0.0,[]
39745752,2021-08-23,7.0,0.0,[]
39759986,2021-08-16,7.0,0.0,[]
39759986,2021-08-23,7.0,0.0,[]
39759986,2021-08-30,7.0,0.0,[]
39783601,2021-08-16,40.0,9.5,[]
39783601,2021-08-23,40.0,35.0,[]
39783602,2021-08-09,12.0,0.0,[]
39783602,2021-08-16,40.0,32.0,[]
39783602,2021-08-23,40.0,20.0,[]
39790300,2021-08-16,37.5,0.0,[]
39790300,2021-08-23,37.5,0.0,[]
39853461,2021-08-16,34.0,0.0,[]
39853461,2021-08-23,40.0,11.0,[]
39864740,2021-08-16,40.0,22.5,[]
39864740,2021-08-23,40.0,22.5,[]
39864740,2021-08-30,12.5,0.0,[]
39875330,2021-08-23,8.5,0.0,[]
39892979,2021-08-16,36.0,0.0,[]
39892979,2021-08-23,12.0,0.0,[]
39892979,2021-08-30,12.0,0.0,[]
39892982,2021-08-09,12.5,0.0,[]
39892982,2021-08-16,25.0,0.0,[]
39892982,2021-08-23,40.0,10.0,[]
39892984,2021-08-16,25.0,0.0,[]
39892984,2021-08-23,40.0,10.0,[]
39892984,2021-08-30,12.5,0.0,[]
39892985,2021-08-09,12.5,0.0,"[np.int64(2505901261), np.int64(2661962992)]"
39892985,2021-08-23,37.5,0.0,"[np.int64(2505901261), np.int64(2661962992)]"
39892988,2021-08-16,25.0,0.0,[]
39942644,2021-08-16,40.0,9.0,[]
39942644,2021-08-23,35.0,0.0,[]
39942644,2021-08-30,14.0,0.0,[]
39976810,2021-08-16,40.0,10.0,[]
39976810,2021-08-23,25.0,0.0,[]
39976810,2021-08-30,12.5,0.0,[]
39995482,2021-08-16,40.0,19.5,[]
39995482,2021-08-23,26.0,0.0,[]
39995482,2021-08-30,17.0,0.0,[]
40015751,2021-08-16,12.5,0.0,[]
40015751,2021-08-23,37.5,0.0,[]
40015752,2021-08-16,40.0,10.0,[]
40015752,2021-08-23,25.0,0.0,[]
40015752,2021-08-30,25.0,0.0,[]
40022151,2021-08-16,40.0,2.5,[]
40022151,2021-08-23,40.0,2.5,[]
40022151,2021-08-30,17.0,0.0,[]
40022152,2021-08-16,40.0,2.5,[]
40022152,2021-08-23,40.0,2.5,[]
40022152,2021-08-30,17.0,0.0,[]
40022153,2021-08-16,40.0,2.5,[]
40022153,2021-08-23,40.0,2.5,[]
40022153,2021-08-30,17.0,0.0,[]
40022185,2021-08-16,25.0,0.0,[]
40022185,2021-08-23,40.0,10.0,[]
40022186,2021-08-09,12.0,0.0,[]
40022186,2021-08-16,36.0,0.0,[]
40022186,2021-08-23,40.0,8.0,[]
40022186,2021-08-30,12.0,0.0,[]
40026130,2021-08-09,8.5,0.0,[]
40026130,2021-08-23,12.5,0.0,[]
40029390,2021-08-16,40.0,2.5,[]
40029390,2021-08-23,40.0,2.5,[]
40029390,2021-08-30,8.5,0.0,[]
40031209,2021-08-16,7.0,0.0,[]
40031209,2021-08-23,7.0,0.0,[]
40031209,2021-08-30,7.0,0.0,[]
40035273,2021-08-16,34.0,0.0,[]
40035273,2021-08-23,40.0,2.5,[]
40035273,2021-08-30,17.0,0.0,[]
40046886,2021-08-16,40.0,35.0,[]
40046886,2021-08-23,12.5,0.0,[]
40046886,2021-08-30,20.5,0.0,[]
40046887,2021-08-16,25.0,0.0,[]
40046887,2021-08-23,25.0,0.0,[]
40046887,2021-08-30,12.5,0.0,[]
40066399,2021-08-16,40.0,2.5,[]
40066399,2021-08-23,40.0,8.5,[]
40066399,2021-08-30,17.0,0.0,[]
40068063,2021-08-16,40.0,9.0,[]
40068063,2021-08-23,24.0,0.0,[]
40083247,2021-08-16,10.5,0.0,[]
40083247,2021-08-23,10.0,0.0,[]
40104790,2021-08-16,24.0,0.0,"[np.int64(2626089360), np.int64(2626090157), np.int64(2657071806), np.int64(2657073551)]"
40104790,2021-08-23,20.0,0.0,"[np.int64(2626089360), np.int64(2626090157), np.int64(2657071806), np.int64(2657073551)]"
40104790,2021-08-30,7.5,0.0,"[np.int64(2626089360), np.int64(2626090157), np.int64(2657071806), np.int64(2657073551)]"
40123818,2021-08-16,8.5,0.0,[]
40139740,2021-08-09,12.5,0.0,[]
40139740,2021-08-16,25.0,0.0,[]
40139740,2021-08-23,25.0,0.0,[]
40140785,2021-08-16,37.5,0.0,[]
40140785,2021-08-23,37.5,0.0,[]
40140785,2021-08-30,12.5,0.0,[]
40145976,2021-08-16,25.5,0.0,[]
40145976,2021-08-23,17.0,0.0,[]
40172400,2021-08-16,40.0,22.5,[]
40172400,2021-08-30,24.5,0.0,[]
40176359,2021-08-23,12.5,0.0,[]
40184680,2021-08-09,8.5,0.0,[]
40184680,2021-08-16,40.0,2.5,[]
40184680,2021-08-23,40.0,2.5,[]
40184680,2021-08-30,17.0,0.0,[]
40187152,2021-08-16,7.0,0.0,[]
40187152,2021-08-23,7.0,0.0,[]
40208194,2021-08-09,12.5,0.0,[]
40208194,2021-08-16,12.5,0.0,[]
40208194,2021-08-23,37.5,0.0,[]
40208201,2021-08-16,12.5,0.0,[]
40208201,2021-08-23,12.5,0.0,[]
40208202,2021-08-16,40.0,10.0,[]
40208202,2021-08-23,25.0,0.0,[]
40208202,2021-08-30,20.5,0.0,[]
40208203,2021-08-16,40.0,22.5,[]
40208203,2021-08-23,25.0,0.0,[]
40208204,2021-08-16,37.5,0.0,[]
40208204,2021-08-23,37.5,0.0,[]
40218672,2021-08-16,7.0,0.0,[]
40218681,2021-08-23,7.0,0.0,[]
40231934,2021-08-09,12.5,0.0,[]
40231934,2021-08-16,25.0,0.0,[]
40231934,2021-08-23,40.0,10.0,[]
40231934,2021-08-30,12.5,0.0,[]
40250233,2021-08-16,36.0,0.0,[]
40250233,2021-08-23,12.0,0.0,[]
40250233,2021-08-30,12.0,0.0,[]
40297463,2021-08-30,12.5,0.0,[]
40377675,2021-08-09,12.5,0.0,[]
40377675,2021-08-16,37.5,0.0,[]
40377675,2021-08-23,25.0,0.0,[]
40377675,2021-08-30,19.5,0.0,[]
40379166,2021-08-09,4.0,0.0,[]
40379166,2021-08-16,40.0,8.0,[]
40379166,2021-08-23,40.0,9.5,[]
40386120,2021-08-16,40.0,10.0,[]
40386120,2021-08-23,25.0,0.0,[]
40386120,2021-08-30,25.0,0.0,[]
40387021,2021-08-16,40.0,22.5,[]
40387021,2021-08-23,12.5,0.0,[]
40387021,2021-08-30,25.0,0.0,[]
40398844,2021-08-16,8.5,0.0,[]
40398844,2021-08-23,8.5,0.0,[]
40417111,2021-08-16,40.0,47.5,[]
40417111,2021-08-23,37.5,0.0,[]
40428949,2021-08-16,36.0,0.0,[]
40428949,2021-08-23,40.0,20.0,[]
40428949,2021-08-30,12.0,0.0,[]
40429165,2021-08-09,12.0,0.0,[]
40429165,2021-08-16,24.0,0.0,[]
40429165,2021-08-23,36.0,0.0,[]
40460970,2021-08-09,12.5,0.0,[]
40460970,2021-08-16,25.0,0.0,[]
40460970,2021-08-23,40.0,10.0,[]
40460970,2021-08-30,12.5,0.0,[]
40496646,2021-08-16,40.0,19.5,[]
40496646,2021-08-23,40.0,2.5,[]
40496646,2021-08-30,15.0,0.0,[]
40503261,2021-08-23,12.5,0.0,[]
40506006,2021-08-09,9.5,0.0,[]
40506006,2021-08-16,20.0,0.0,[]
40506006,2021-08-23,28.5,0.0,[]
40506013,2021-08-16,9.5,0.0,[]
40506013,2021-08-23,19.0,0.0,[]
40511928,2021-08-09,8.5,0.0,[]
40511928,2021-08-23,8.5,0.0,[]
40514963,2021-08-16,7.0,0.0,[]
40514963,2021-08-23,21.0,0.0,[]
40514963,2021-08-30,7.0,0.0,[]
40515001,2021-08-16,7.0,0.0,[]
40515001,2021-08-23,7.0,0.0,[]
40515009,2021-08-16,14.0,0.0,[]
40515009,2021-08-23,7.0,0.0,[]
40526679,2021-08-16,7.0,0.0,[]
40526679,2021-08-23,7.0,0.0,[]
40538929,2021-08-09,12.5,0.0,[]
40538929,2021-08-16,40.0,39.5,[]
40538929,2021-08-23,40.0,6.0,[]
40538929,2021-08-30,8.5,0.0,[]
40538931,2021-08-16,33.5,0.0,[]
40538931,2021-08-23,40.0,10.0,[]
40538931,2021-08-30,20.5,0.0,[]
40538932,2021-08-16,40.0,22.5,[]
40538932,2021-08-23,25.0,0.0,[]
40538932,2021-08-30,19.5,0.0,[]
40540958,2021-08-09,12.5,0.0,[]
40540958,2021-08-16,37.5,0.0,[]
40540958,2021-08-23,25.0,0.0,[]
40540958,2021-08-30,12.5,0.0,[]
40545007,2021-08-16,25.0,0.0,[]
40545007,2021-08-23,28.0,0.0,[]
40545007,2021-08-30,14.0,0.0,[]
40557249,2021-08-16,40.0,2.5,[]
40557249,2021-08-23,25.5,0.0,[]
40557249,2021-08-30,17.0,0.0,[]
40560231,2021-08-16,34.0,0.0,[]
40560231,2021-08-23,34.0,0.0,[]
40560231,2021-08-30,8.5,0.0,[]
40563140,2021-08-09,24.0,0.0,[]
40563140,2021-08-16,40.0,74.0,[]
40563140,2021-08-23,40.0,74.0,[]
40563140,2021-08-30,34.5,0.0,[]
40581740,2021-08-16,40.0,12.25,[]
40581740,2021-08-23,40.0,22.5,[]
40581740,2021-08-30,12.5,0.0,[]
40594570,2021-08-16,40.0,10.0,[]
40594570,2021-08-23,40.0,22.5,[]
40594570,2021-08-30,12.5,0.0,[]
40600840,2021-08-16,40.0,10.0,[]
40600840,2021-08-23,37.5,0.0,[]
40606708,2021-08-16,12.5,0.0,[]
40606708,2021-08-23,28.5,0.0,[]
40606708,2021-08-30,10.0,0.0,[]
40635583,2021-08-16,34.5,0.0,[]
40635583,2021-08-23,37.5,0.0,[]
40660967,2021-08-09,12.5,0.0,[]
40682570,2021-08-16,4.0,0.0,[]
40682570,2021-08-23,12.5,0.0,[]
40687694,2021-08-16,40.0,10.0,[]
40687694,2021-08-23,28.5,0.0,[]
40693575,2021-08-16,7.0,0.0,[]
40701980,2021-08-16,40.0,47.5,[]
40701980,2021-08-23,40.0,47.5,[]
40701980,2021-08-30,12.5,0.0,[]
40705180,2021-08-09,12.5,0.0,[]
40705180,2021-08-23,40.0,10.0,[]
40705180,2021-08-30,12.5,0.0,[]
40707401,2021-08-16,25.0,0.0,[]
40707401,2021-08-23,12.5,0.0,[]
40720167,2021-08-16,40.0,35.0,[]
40720167,2021-08-23,40.0,10.0,[]
40720167,2021-08-30,25.0,0.0,[]
40725521,2021-08-09,12.5,0.0,[]
40725521,2021-08-16,40.0,10.0,[]
40725521,2021-08-23,37.5,0.0,[]
40725522,2021-08-09,12.5,0.0,[]
40725522,2021-08-16,37.5,0.0,[]
40725522,2021-08-23,37.5,0.0,[]
40725526,2021-08-16,37.5,0.0,[]
40725526,2021-08-23,37.5,0.0,[]
40725526,2021-08-30,12.5,0.0,[]
40737061,2021-08-16,40.0,2.5,[]
40737061,2021-08-23,40.0,11.0,[]
40737061,2021-08-30,17.0,0.0,[]
40737155,2021-08-16,34.0,0.0,[]
40737155,2021-08-23,34.0,0.0,[]
40737155,2021-08-30,8.5,0.0,[]
40737231,2021-08-16,17.0,0.0,[]
40739858,2021-08-09,7.0,0.0,[]
40769044,2021-08-09,12.5,0.0,[]
40769044,2021-08-16,40.0,10.0,[]
40769044,2021-08-23,25.0,0.0,[]
40769047,2021-08-09,12.5,0.0,[]
40769047,2021-08-16,25.0,0.0,[]
40769047,2021-08-23,25.0,0.0,[]
40769050,2021-08-16,40.0,16.5,[]
40769050,2021-08-23,20.5,0.0,[]
40769050,2021-08-30,19.5,0.0,[]
40779329,2021-08-23,7.0,0.0,[]
40789061,2021-08-16,40.0,2.5,[]
40789061,2021-08-23,40.0,35.0,[]
40789061,2021-08-30,32.5,0.0,[]
40790293,2021-08-09,8.5,0.0,[]
40790293,2021-08-23,17.0,0.0,[]
40790689,2021-08-16,28.0,0.0,[]
40790689,2021-08-23,35.0,0.0,[]
40790689,2021-08-30,14.0,0.0,[]
40794981,2021-08-09,12.0,0.0,[]
40794981,2021-08-16,36.0,0.0,[]
40801710,2021-08-16,40.0,2.0,[]
40801710,2021-08-23,40.0,2.0,[]
40801710,2021-08-30,10.5,0.0,[]
40818147,2021-08-16,40.0,32.5,[]
40818147,2021-08-23,25.0,0.0,[]
40830437,2021-08-16,34.0,0.0,[]
40838543,2021-08-16,40.0,35.0,[]
40838543,2021-08-23,40.0,35.0,[]
40838576,2021-08-09,12.5,0.0,[]
40838576,2021-08-16,40.0,10.0,[]
40838576,2021-08-23,37.5,0.0,[]
40838576,2021-08-30,12.5,0.0,[]
40839668,2021-08-16,36.0,0.0,[]
40839668,2021-08-23,40.0,20.0,[]
40877302,2021-08-16,12.5,0.0,[]
40877302,2021-08-23,12.5,0.0,[]
40879552,2021-08-16,25.5,0.0,[]
40879552,2021-08-23,34.0,0.0,[]
40879552,2021-08-30,17.0,0.0,[]
40879578,2021-08-16,17.0,0.0,[]
40879578,2021-08-23,40.0,2.5,[]
40879578,2021-08-30,8.5,0.0,[]
40930105,2021-08-09,12.5,0.0,[]
40930105,2021-08-23,12.5,0.0,[]
40945536,2021-08-16,19.0,0.0,[]
40945536,2021-08-23,9.5,0.0,[]
40945536,2021-08-30,19.0,0.0,[]
40948890,2021-08-09,8.5,0.0,[]
40948890,2021-08-16,17.0,0.0,[]
40948890,2021-08-23,8.5,0.0,[]
40952572,2021-08-16,34.0,0.0,[]
40952572,2021-08-23,34.0,0.0,[]
40952572,2021-08-30,17.0,0.0,[]
40973344,2021-08-23,40.0,28.5,[]
40973350,2021-08-16,40.0,10.0,[]
40973353,2021-08-09,12.5,0.0,[]
40973353,2021-08-16,25.0,0.0,[]
40973353,2021-08-23,37.5,0.0,[]
40973353,2021-08-30,17.0,0.0,[]
40977891,2021-08-16,31.5,0.0,[]
40977891,2021-08-23,28.5,0.0,[]
40977891,2021-08-30,19.0,0.0,[]
40980203,2021-08-16,40.0,2.0,[]
40980203,2021-08-23,35.0,0.0,[]
40980203,2021-08-30,7.0,0.0,[]
40984919,2021-08-16,12.5,0.0,[]
40984919,2021-08-23,40.0,10.0,[]
41003379,2021-08-16,40.0,22.5,[]
41003379,2021-08-23,12.5,0.0,[]
41003379,2021-08-30,12.5,0.0,[]
41006781,2021-08-16,40.0,10.0,[]
41006781,2021-08-23,40.0,10.0,[]
41006781,2021-08-30,12.5,0.0,[]
41030935,2021-08-16,25.0,0.0,[]
41030935,2021-08-23,37.5,0.0,[]
41030935,2021-08-30,12.5,0.0,[]
41041628,2021-08-16,40.0,34.0,[]
41041628,2021-08-23,40.0,32.0,[]
41041628,2021-08-30,12.0,0.0,[]
41042934,2021-08-16,21.0,0.0,[]
41042934,2021-08-23,35.0,0.0,[]
41042934,2021-08-30,11.0,0.0,[]
41046063,2021-08-16,37.5,0.0,[]
41053785,2021-08-16,40.0,19.5,[]
41053785,2021-08-23,25.5,0.0,[]
41107416,2021-08-16,40.0,22.5,[]
41107416,2021-08-23,37.5,0.0,[]
41107416,2021-08-30,25.0,0.0,[]
41120692,2021-08-16,21.25,0.0,[]
41120692,2021-08-23,17.0,0.0,[]
41154082,2021-08-16,12.5,0.0,[]
41154082,2021-08-23,12.5,0.0,[]
41154083,2021-08-09,12.5,0.0,[]
41154083,2021-08-16,37.5,0.0,[]
41154083,2021-08-23,37.5,0.0,[]
41154083,2021-08-30,25.0,0.0,[]
41154084,2021-08-16,25.0,0.0,[]
41154084,2021-08-23,40.0,10.0,[]
41154085,2021-08-09,12.5,0.0,[]
41165761,2021-08-16,40.0,20.0,[]
41165761,2021-08-23,12.0,0.0,[]
41167439,2021-08-16,28.5,0.0,[]
41167439,2021-08-23,19.0,0.0,[]
41170677,2021-08-09,10.5,0.0,[]
41170677,2021-08-16,20.0,0.0,[]
41170677,2021-08-23,9.5,0.0,[]
41170677,2021-08-30,9.5,0.0,[]
41181544,2021-08-09,12.5,0.0,[]
41181544,2021-08-16,12.5,0.0,[]
41181544,2021-08-23,12.5,0.0,[]
41186733,2021-08-23,8.5,0.0,[]
41186757,2021-08-16,34.0,0.0,[]
41186757,2021-08-23,17.0,0.0,[]
41186844,2021-08-16,8.5,0.0,[]
41186844,2021-08-23,8.5,0.0,[]
41186855,2021-08-16,25.5,0.0,[]
41186855,2021-08-23,17.0,0.0,[]
41186855,2021-08-30,8.5,0.0,[]
41190540,2021-08-16,37.5,0.0,[]
41190540,2021-08-23,37.5,0.0,[]
41190540,2021-08-30,12.5,0.0,[]
41202810,2021-08-16,40.0,11.0,[]
41202810,2021-08-23,26.0,0.0,[]
41202810,2021-08-30,12.5,0.0,[]
41202811,2021-08-16,40.0,11.0,[]
41202811,2021-08-23,40.0,23.5,[]
41202812,2021-08-16,31.5,0.0,[]
41202812,2021-08-23,25.0,0.0,[]
41202812,2021-08-30,6.0,0.0,[]
41208185,2021-08-16,40.0,2.5,[]
41208185,2021-08-23,40.0,1.5,[]
41208185,2021-08-30,17.0,0.0,[]
41222938,2021-08-09,12.5,0.0,[]
41222938,2021-08-16,25.0,0.0,[]
41222938,2021-08-23,40.0,10.0,[]
41228644,2021-08-16,8.5,0.0,[]
41228644,2021-08-23,17.0,0.0,[]
41228644,2021-08-30,4.0,0.0,[]
41260336,2021-08-09,12.5,0.0,[]
41260336,2021-08-16,37.5,0.0,[]
41260336,2021-08-23,40.0,10.0,[]
41260338,2021-08-16,40.0,17.0,[]
41260338,2021-08-23,23.5,0.0,[]
41260338,2021-08-30,12.5,0.0,[]
41260339,2021-08-16,40.0,10.0,[]
41260339,2021-08-23,12.5,0.0,[]
41260339,2021-08-30,25.0,0.0,[]
41260341,2021-08-16,25.0,0.0,"[np.int64(2634397916), np.int64(2658871811)]"
41260341,2021-08-23,25.0,0.0,"[np.int64(2634397916), np.int64(2658871811)]"
41260343,2021-08-16,37.5,0.0,[]
41260344,2021-08-09,11.5,0.0,[]
41260344,2021-08-16,40.0,11.0,[]
41260344,2021-08-23,40.0,8.0,[]
41287586,2021-08-16,12.5,0.0,[]
41295371,2021-08-16,24.0,0.0,[]
41315748,2021-08-16,12.5,0.0,[]
41325213,2021-08-16,40.0,8.0,[]
41325213,2021-08-23,24.0,0.0,[]
41345676,2021-08-23,20.0,0.0,[]
41353989,2021-08-16,40.0,11.0,[]
41353989,2021-08-23,8.5,0.0,[]
41355537,2021-08-09,8.5,0.0,[]
41375909,2021-08-09,8.5,0.0,[]
41375909,2021-08-16,8.5,0.0,[]
41375909,2021-08-23,8.5,0.0,[]
41383541,2021-08-09,8.5,0.0,[]
41383541,2021-08-16,40.0,11.0,[]
41383541,2021-08-23,17.0,0.0,[]
41388150,2021-08-23,8.5,0.0,[]
41406955,2021-08-16,37.5,0.0,[]
41406955,2021-08-23,40.0,22.5,[]
41406955,2021-08-30,12.5,0.0,[]
41412153,2021-08-23,25.0,0.0,[]
41412153,2021-08-30,12.5,0.0,[]
41423479,2021-08-09,12.5,0.0,[]
41423479,2021-08-16,25.0,0.0,[]
41427867,2021-08-16,25.0,0.0,[]
41427867,2021-08-23,40.0,10.0,[]
41429241,2021-08-16,37.5,0.0,[]
41429241,2021-08-23,40.0,10.0,[]
41429264,2021-08-16,40.0,16.5,[]
41429264,2021-08-23,16.0,0.0,[]
41429264,2021-08-30,12.5,0.0,[]
41453548,2021-08-16,12.5,0.0,[]
41453548,2021-08-23,12.5,0.0,[]
41461828,2021-08-09,12.0,0.0,[]
41461828,2021-08-16,24.0,0.0,[]
41461828,2021-08-23,12.0,0.0,[]
41466354,2021-08-09,12.5,0.0,[]
41466354,2021-08-16,40.0,6.0,[]
41466354,2021-08-23,25.0,0.0,[]
41466354,2021-08-30,12.5,0.0,[]
41466355,2021-08-09,12.5,0.0,[]
41466355,2021-08-16,25.0,0.0,[]
41466355,2021-08-23,37.5,0.0,[]
41466355,2021-08-30,12.5,0.0,[]
41466356,2021-08-16,8.5,0.0,[]
41466358,2021-08-09,12.5,0.0,[]
41466358,2021-08-16,40.0,10.0,[]
41466358,2021-08-23,25.0,0.0,[]
41466358,2021-08-30,12.5,0.0,[]
41466360,2021-08-16,37.5,0.0,[]
41466360,2021-08-23,40.0,10.0,[]
41466361,2021-08-16,25.0,0.0,[]
41466361,2021-08-23,12.5,0.0,[]
41466364,2021-08-09,12.5,0.0,[]
41466364,2021-08-16,12.5,0.0,[]
41466364,2021-08-23,40.0,22.5,[]
41466364,2021-08-30,12.5,0.0,[]
41476850,2021-08-16,12.5,0.0,[]
41476850,2021-08-23,12.5,0.0,[]
41485334,2021-08-09,12.5,0.0,[]
41485334,2021-08-16,37.5,0.0,[]
41485334,2021-08-23,37.5,0.0,[]
41488058,2021-08-09,7.0,0.0,[]
41488058,2021-08-16,21.0,0.0,[]
41488058,2021-08-23,21.0,0.0,[]
41488298,2021-08-16,34.0,0.0,[]
41488298,2021-08-23,8.5,0.0,[]
41488298,2021-08-30,8.5,0.0,[]
41488304,2021-08-16,17.0,0.0,[]
41488304,2021-08-23,40.0,2.5,[]
41488304,2021-08-30,17.0,0.0,[]
41488311,2021-08-16,8.5,0.0,[]
41488322,2021-08-16,25.5,0.0,"[np.int64(2663141019), np.int64(26631410192)]"
41488322,2021-08-23,40.0,1.0,"[np.int64(2663141019), np.int64(26631410192)]"
41488336,2021-08-16,40.0,2.5,[]
41488336,2021-08-23,40.0,18.0,[]
41488336,2021-08-30,17.0,0.0,[]
41494936,2021-08-16,37.5,0.0,[]
41494936,2021-08-23,37.5,0.0,[]
41494936,2021-08-30,12.5,0.0,[]
41497780,2021-08-16,9.5,0.0,[]
41503486,2021-08-09,8.5,0.0,[]
41503486,2021-08-16,35.0,0.0,[]
41503486,2021-08-23,25.5,0.0,[]
41503486,2021-08-30,17.0,0.0,[]
41503510,2021-08-16,34.0,0.0,[]
41503510,2021-08-23,25.5,0.0,[]
41503527,2021-08-16,17.0,0.0,[]
41503527,2021-08-23,8.5,0.0,[]
41508379,2021-08-09,12.5,0.0,[]
41508379,2021-08-16,12.5,0.0,[]
41508379,2021-08-23,12.5,0.0,[]
41516750,2021-08-16,40.0,10.0,[]
41516750,2021-08-23,25.0,0.0,[]
41525000,2021-08-16,12.5,0.0,[]
41525000,2021-08-23,16.0,0.0,[]
41525000,2021-08-30,12.5,0.0,[]
41531704,2021-08-09,12.5,0.0,[]
41531704,2021-08-23,12.5,0.0,[]
41573629,2021-08-09,12.5,0.0,[]
41573629,2021-08-16,25.0,0.0,[]
41573629,2021-08-23,40.0,22.5,[]
41573629,2021-08-30,12.5,0.0,[]
41574210,2021-08-09,12.5,0.0,[]
41574210,2021-08-16,40.0,22.5,[]
41574210,2021-08-23,40.0,22.5,[]
41574210,2021-08-30,12.5,0.0,[]
41581043,2021-08-23,36.0,0.0,[]
41581043,2021-08-30,12.5,0.0,[]
41604218,2021-08-16,37.5,0.0,[]
41604218,2021-08-23,14.0,0.0,[]
41619346,2021-08-16,12.5,0.0,[]
41619346,2021-08-23,37.5,0.0,[]
41619346,2021-08-30,12.5,0.0,[]
41628347,2021-08-16,37.5,0.0,[]
41628347,2021-08-23,37.5,0.0,[]
41628347,2021-08-30,12.5,0.0,[]
41628348,2021-08-09,12.5,0.0,[]
41628348,2021-08-16,25.0,0.0,[]
41628348,2021-08-23,40.0,10.0,[]
41647147,2021-08-16,25.5,0.0,[]
41647147,2021-08-23,34.0,0.0,[]
41647147,2021-08-30,17.0,0.0,[]
41648360,2021-08-16,25.5,0.0,[]
41648360,2021-08-23,34.0,0.0,[]
41648360,2021-08-30,17.0,0.0,[]
41648407,2021-08-16,40.0,2.5,[]
41648407,2021-08-23,34.0,0.0,[]
41648407,2021-08-30,17.0,0.0,[]
41659724,2021-08-16,37.5,0.0,[]
41659724,2021-08-23,37.5,0.0,[]
41659724,2021-08-30,25.0,0.0,[]
41669476,2021-08-16,40.0,2.0,[]
41669476,2021-08-23,37.5,0.0,[]
41669476,2021-08-30,25.0,0.0,[]
41669479,2021-08-16,40.0,22.5,[]
41669479,2021-08-23,25.0,0.0,[]
41669479,2021-08-30,25.0,0.0,[]
41669480,2021-08-09,12.5,0.0,[]
41669480,2021-08-16,25.0,0.0,[]
41669480,2021-08-23,37.5,0.0,[]
41678365,2021-08-09,12.5,0.0,[]
41678365,2021-08-16,25.0,0.0,[]
41678365,2021-08-23,40.0,10.0,[]
41678365,2021-08-30,12.5,0.0,[]
41680139,2021-08-16,17.0,0.0,[]
41680139,2021-08-23,17.0,0.0,[]
41680139,2021-08-30,8.5,0.0,[]
41683632,2021-08-16,12.0,0.0,[]
41683632,2021-08-23,10.0,0.0,[]
41683675,2021-08-16,16.0,0.0,[]
41683675,2021-08-23,10.0,0.0,[]
41687780,2021-08-16,40.0,2.0,[]
41687780,2021-08-23,37.5,0.0,[]
41690415,2021-08-23,24.0,0.0,[]
41696112,2021-08-16,12.5,0.0,[]
41696112,2021-08-23,12.5,0.0,[]
41696112,2021-08-30,12.5,0.0,[]
41706255,2021-08-09,8.5,0.0,[]
41706255,2021-08-16,8.5,0.0,[]
41706255,2021-08-23,8.5,0.0,[]
41728572,2021-08-16,40.0,4.0,[]
41728572,2021-08-23,40.0,8.0,[]
41738440,2021-08-23,12.5,0.0,[]
41742701,2021-08-16,12.5,0.0,[]
41742701,2021-08-23,12.5,0.0,[]
41743220,2021-08-16,8.0,0.0,[]
41743220,2021-08-23,5.0,0.0,[]
41750851,2021-08-23,25.0,0.0,[]
41762877,2021-08-30,25.0,0.0,[]
41779236,2021-08-23,40.0,10.0,[]
41779236,2021-08-30,12.5,0.0,[]
41779237,2021-08-23,37.5,0.0,[]
41779237,2021-08-30,25.0,0.0,[]
41784027,2021-08-23,31.5,0.0,[]
41784027,2021-08-30,12.0,0.0,[]
41784312,2021-08-23,8.0,0.0,[]
41797088,2021-08-23,37.5,0.0,[]
